{"cameraMode":{"drawMode":0,"name":"Shaded","section":"Shading Mode"},"sceneLighting":true,"audioPlay":false,"sceneViewState":{"m_AlwaysRefresh":false,"showFog":true,"showSkybox":true,"showFlares":true,"showImageEffects":true,"showParticleSystems":true,"showVisualEffectGraphs":true,"m_FxEnabled":true},"in2DMode":false,"pivot":{"x":-135.4712371826172,"y":22.755512237548829,"z":791.2286987304688},"rotation":{"x":0.011657570488750935,"y":0.09386651962995529,"z":0.001080643036402762,"w":-0.995541512966156},"size":417.14947509765627,"orthographic":false}