{"cameraMode":{"drawMode":0,"name":"Shaded","section":"Shading Mode"},"sceneLighting":false,"audioPlay":false,"sceneViewState":{"m_AlwaysRefresh":false,"showFog":true,"showSkybox":false,"showFlares":true,"showImageEffects":true,"showParticleSystems":true,"showVisualEffectGraphs":true,"m_FxEnabled":true},"in2DMode":false,"pivot":{"x":10.992426872253418,"y":110.67982482910156,"z":85.4148178100586},"rotation":{"x":0.015917306765913965,"y":0.5972215533256531,"z":-0.011789604090154171,"w":0.8019592761993408},"size":0.7723349332809448,"orthographic":false}