{"cameraMode":{"drawMode":0,"name":"Shaded","section":"Shading Mode"},"sceneLighting":false,"audioPlay":false,"sceneViewState":{"m_AlwaysRefresh":false,"showFog":true,"showSkybox":false,"showFlares":true,"showImageEffects":true,"showParticleSystems":true,"showVisualEffectGraphs":true,"m_FxEnabled":true},"in2DMode":false,"pivot":{"x":0.13355258107185365,"y":1.5899255275726319,"z":-5.283713340759277},"rotation":{"x":-0.2993375062942505,"y":-0.0699351578950882,"z":0.012385495007038117,"w":-0.9523075222969055},"size":1.2256839275360108,"orthographic":false}